word1,word2,size
china,four,40
china,call,44
china,strike,88
china,hurt,14
china,work,26
china,japan,14
china,bank,18
china,another,40
china,top,18
china,new,186
china,asean,12
china,men,58
china,three,22
china,life,10
china,air,32
china,aid,22
china,bid,40
china,dead,18
china,malaysia,4
china,two,84
china,down,36
china,way,32
china,war,64
china,razak,30
china,nt,38
china,dies,34
china,time,10
china,blast,8
china,die,34
china,says,68
china,goes,28
china,troops,6
china,visit,82
china,today,38
china,car,32
china,may,82
china,man,56
china,years,12
china,police,94
china,killed,22
china,year,18
china,girl,32
china,first,24
china,one,30
china,10,10
china,take,28
china,jakarta,38
china,shot,14
china,get,40
china,hits,22
china,pay,8
china,singapore,126
china,death,44
china,kills,22
china,world,18
china,chinese,12
china,talks,82
china,woman,34
china,help,18
china,trade,46
china,held,36
china,gets,32
china,found,34
china,king,20
china,plan,32
china,set,38
china,pm,10
china,fire,32
china,big,52
china,back,34
china,up,116
china,us,76
china,home,30
china,peace,16
china,go,46
china,lee,36
china,reds,34
china,tengku,60
china,next,10
china,hit,28
china,ties,64
china,chief,8
china,crash,40
china,day,14
china,red,44
china,ban,50
china,times,10
china,attack,40
china,move,12
china,latest,6
china,government,10
china,page,4
china,???,22
years,four,16
years,men,16
years,call,12
years,strike,26
years,hurt,2
years,work,12
years,bank,8
years,another,14
years,top,6
years,new,54
years,ban,12
years,three,8
years,life,10
years,air,10
years,aid,4
years,bid,14
years,dead,8
years,down,8
years,way,8
years,war,12
years,malaysia,2
years,nt,4
years,dies,12
years,time,12
years,blast,2
years,die,8
years,says,24
years,goes,8
years,visit,10
years,today,8
years,car,10
years,may,36
years,man,26
years,police,26
years,killed,8
years,year,6
years,girl,12
years,first,6
years,one,8
years,10,2
years,take,4
years,jakarta,10
years,shot,4
years,get,16
years,hits,2
years,pay,2
years,death,16
years,kills,8
years,world,6
years,chinese,4
years,talks,12
years,woman,10
years,two,30
years,help,2
years,trade,6
years,held,6
years,found,10
years,singapore,34
years,king,8
years,plan,4
years,set,10
years,pm,6
years,fire,8
years,big,12
years,back,8
years,up,36
years,us,4
years,home,16
years,peace,2
years,go,20
years,lee,8
years,reds,6
years,tengku,14
years,next,2
years,hit,2
years,razak,10
years,ties,2
years,chief,4
years,crash,10
years,day,6
years,red,12
years,times,4
years,attack,10
years,move,2
years,gets,10
years,latest,2
years,page,8
years,???,4
one,four,60
one,men,38
one,call,46
one,strike,60
one,hurt,72
one,work,36
one,japan,2
one,bank,18
one,another,56
one,top,12
one,new,156
one,ban,38
one,three,32
one,life,8
one,air,34
one,aid,20
one,dead,72
one,malaysia,2
one,down,30
one,way,38
one,war,42
one,razak,32
one,nt,32
one,dies,46
one,time,24
one,blast,12
one,die,30
one,says,36
one,goes,18
one,visit,30
one,today,22
one,car,32
one,may,96
one,man,48
one,police,98
one,year,28
one,girl,38
one,first,10
one,10,10
one,take,14
one,jakarta,40
one,shot,24
one,get,48
one,hits,8
one,pay,8
one,singapore,106
one,death,48
one,kills,16
one,world,18
one,chinese,12
one,talks,30
one,woman,38
one,two,98
one,help,4
one,trade,16
one,held,32
one,found,34
one,king,22
one,plan,12
one,set,16
one,pm,6
one,fire,44
one,cut,6
one,big,38
one,bid,30
one,back,34
one,up,104
one,us,4
one,peace,8
one,go,44
one,lee,6
one,reds,18
one,tengku,42
one,next,8
one,hit,12
one,ties,10
one,chief,12
one,crash,52
one,day,52
one,red,42
one,times,8
one,attack,32
one,move,6
one,gets,32
one,latest,8
one,killed,50
one,government,4
one,page,8
one,home,34
one,???,18
singapore,four,250
singapore,men,314
singapore,call,252
singapore,strike,492
singapore,hurt,50
singapore,work,172
singapore,japan,6
singapore,bank,114
singapore,another,242
singapore,top,46
singapore,new,1006
singapore,asean,8
singapore,three,88
singapore,life,52
singapore,air,200
singapore,aid,110
singapore,bid,214
singapore,malaysia,32
singapore,down,174
singapore,way,166
singapore,war,220
singapore,dead,110
singapore,nt,112
singapore,dies,238
singapore,time,54
singapore,blast,24
singapore,die,206
singapore,says,204
singapore,goes,134
singapore,troops,6
singapore,visit,206
singapore,today,166
singapore,car,180
singapore,razak,140
singapore,may,478
singapore,man,278
singapore,police,590
singapore,year,88
singapore,girl,210
singapore,first,60
singapore,10,40
singapore,take,82
singapore,jakarta,246
singapore,shot,94
singapore,get,256
singapore,hits,36
singapore,pay,36
singapore,death,248
singapore,kills,132
singapore,world,40
singapore,chinese,64
singapore,talks,200
singapore,woman,196
singapore,two,476
singapore,help,26
singapore,trade,134
singapore,held,150
singapore,gets,168
singapore,found,202
singapore,king,136
singapore,plan,108
singapore,set,152
singapore,pm,8
singapore,fire,194
singapore,cut,4
singapore,big,276
singapore,back,170
singapore,up,592
singapore,us,58
singapore,home,178
singapore,peace,28
singapore,go,204
singapore,index,2
singapore,lee,76
singapore,reds,144
singapore,tengku,308
singapore,next,44
singapore,hit,104
singapore,ties,50
singapore,chief,64
singapore,move,36
singapore,crash,212
singapore,day,106
singapore,red,226
singapore,ban,230
singapore,times,56
singapore,attack,174
singapore,latest,36
singapore,killed,110
singapore,government,18
singapore,page,6
singapore,???,74
world,four,32
world,men,38
world,call,32
world,strike,50
world,hurt,8
world,work,16
world,bank,70
world,another,28
world,top,12
world,asean,2
world,three,14
world,life,6
world,air,20
world,aid,18
world,bid,26
world,dead,14
world,malaysia,2
world,down,20
world,way,24
world,war,40
world,nt,20
world,dies,28
world,time,6
world,blast,2
world,die,24
world,goes,16
world,troops,2
world,visit,26
world,today,28
world,car,22
world,razak,20
world,may,56
world,man,40
world,police,70
world,year,12
world,girl,18
world,first,20
world,10,8
world,take,8
world,new,130
world,jakarta,24
world,shot,10
world,get,28
world,hits,6
world,pay,8
world,peace,16
world,death,34
world,kills,14
world,chinese,14
world,talks,34
world,woman,22
world,two,62
world,help,8
world,trade,36
world,held,26
world,gets,16
world,found,24
world,says,34
world,king,12
world,plan,18
world,set,18
world,pm,18
world,fire,22
world,big,30
world,back,18
world,up,66
world,us,14
world,go,28
world,lee,14
world,reds,20
world,tengku,38
world,next,8
world,hit,12
world,ties,6
world,chief,8
world,move,8
world,crash,24
world,day,10
world,red,32
world,ban,26
world,times,8
world,attack,22
world,latest,4
world,killed,14
world,government,2
world,page,8
world,home,22
world,column,2
world,???,10
next,go,8
next,chinese,2
next,woman,6
next,blast,2
next,four,6
next,die,4
next,says,16
next,talks,4
next,goes,4
next,new,24
next,lee,2
next,men,2
next,aid,4
next,reds,2
next,tengku,8
next,visit,6
next,two,16
next,call,6
next,strike,8
next,today,2
next,hurt,2
next,car,4
next,work,6
next,razak,4
next,may,14
next,man,6
next,chief,4
next,move,20
next,trade,6
next,held,6
next,police,14
next,found,4
next,year,324
next,girl,8
next,red,8
next,times,2
next,first,2
next,another,6
next,top,4
next,attack,6
next,king,6
next,asean,4
next,take,2
next,jakarta,10
next,shot,2
next,ties,2
next,hit,4
next,get,8
next,ban,8
next,killed,2
next,life,4
next,fire,8
next,air,8
next,crash,6
next,pay,2
next,gets,4
next,day,4
next,latest,2
next,death,6
next,kills,4
next,government,6
next,big,12
next,bid,6
next,page,4
next,back,8
next,home,4
next,three,4
next,down,8
next,way,4
next,war,14
next,???,6
next,up,24
next,pm,32
next,nt,8
next,10,4
next,dies,4
next,time,12
another,four,74
another,new,278
another,men,68
another,call,66
another,strike,110
another,hurt,14
another,work,52
another,japan,2
another,bank,30
another,top,18
another,three,34
another,life,14
another,air,58
another,aid,30
another,bid,64
another,down,56
another,way,46
another,war,72
another,dead,26
another,nt,30
another,dies,52
another,time,14
another,blast,12
another,die,54
another,says,50
another,goes,30
another,troops,2
another,visit,56
another,today,44
another,car,54
another,razak,50
another,may,138
another,man,78
another,police,162
another,killed,42
another,year,32
another,girl,54
another,first,16
another,10,14
another,take,24
another,jakarta,66
another,shot,26
another,get,62
another,hits,6
another,pay,14
another,death,78
another,kills,34
another,chinese,22
another,talks,50
another,woman,52
another,two,148
another,help,2
another,trade,26
another,held,52
another,found,62
another,king,32
another,plan,20
another,set,42
another,pm,2
another,fire,64
another,cut,4
another,big,66
another,back,54
another,up,150
another,us,14
another,peace,4
another,go,50
another,index,2
another,lee,14
another,reds,38
another,tengku,76
another,hit,20
another,ties,10
another,chief,20
another,move,10
another,crash,66
another,day,48
another,red,70
another,ban,68
another,times,18
another,attack,54
another,gets,44
another,latest,12
another,government,4
another,page,6
another,home,52
another,???,18
year,chinese,8
year,four,14
year,talks,8
year,woman,10
year,die,8
year,says,30
year,go,8
year,goes,4
year,new,52
year,lee,12
year,men,10
year,aid,4
year,reds,6
year,tengku,14
year,visit,8
year,two,24
year,call,10
year,strike,10
year,cut,2
year,today,6
year,hurt,2
year,car,8
year,work,8
year,razak,8
year,may,28
year,ties,2
year,man,16
year,chief,6
year,help,2
year,move,4
year,trade,10
year,held,6
year,police,28
year,crash,10
year,killed,6
year,bank,6
year,found,10
year,girl,12
year,red,10
year,ban,10
year,times,2
year,???,10
year,first,10
year,top,2
year,attack,8
year,king,4
year,take,4
year,plan,6
year,jakarta,8
year,latest,2
year,shot,4
year,get,10
year,set,6
year,pm,10
year,death,14
year,hits,2
year,three,8
year,life,2
year,fire,16
year,air,10
year,pay,2
year,gets,8
year,day,16
year,kills,4
year,big,8
year,bid,8
year,back,8
year,dead,8
year,malaysia,2
year,down,10
year,way,8
year,war,12
year,up,40
year,time,12
year,home,10
year,hit,4
year,peace,8
year,nt,6
year,dies,8
times,four,20
times,men,18
times,call,22
times,strike,38
times,hurt,6
times,work,14
times,bank,14
times,top,8
times,ban,20
times,three,12
times,life,12
times,air,18
times,aid,8
times,dead,10
times,malaysia,6
times,down,18
times,way,12
times,war,20
times,nt,12
times,dies,18
times,time,8
times,die,16
times,says,12
times,goes,10
times,visit,16
times,today,26
times,car,16
times,may,48
times,man,20
times,police,44
times,killed,8
times,girl,16
times,first,6
times,10,4
times,take,10
times,new,90
times,jakarta,16
times,shot,8
times,get,20
times,hits,4
times,pay,4
times,death,20
times,kills,10
times,chinese,4
times,talks,16
times,woman,14
times,two,62
times,help,2
times,trade,6
times,held,10
times,found,14
times,king,10
times,plan,6
times,set,10
times,pm,2
times,fire,16
times,big,16
times,bid,20
times,back,20
times,up,58
times,us,4
times,home,22
times,peace,2
times,go,24
times,index,26
times,lee,8
times,reds,8
times,tengku,18
times,hit,4
times,razak,14
times,ties,4
times,chief,8
times,crash,18
times,day,8
times,red,18
times,attack,16
times,move,2
times,gets,16
times,latest,4
times,page,8
times,???,4
home,four,54
home,new,208
home,men,50
home,call,50
home,strike,80
home,hurt,12
home,work,36
home,japan,2
home,bank,24
home,top,14
home,asean,2
home,three,24
home,life,8
home,air,42
home,aid,20
home,bid,42
home,malaysia,6
home,down,34
home,way,34
home,war,50
home,dead,22
home,nt,26
home,dies,40
home,time,12
home,blast,2
home,die,44
home,says,38
home,goes,22
home,troops,4
home,visit,46
home,today,38
home,car,36
home,razak,38
home,may,104
home,man,46
home,police,124
home,killed,20
home,girl,38
home,first,8
home,10,6
home,take,20
home,jakarta,46
home,shot,22
home,get,44
home,hits,10
home,pay,8
home,death,54
home,kills,30
home,chinese,16
home,talks,36
home,woman,38
home,two,100
home,help,2
home,trade,22
home,held,30
home,found,42
home,king,28
home,plan,20
home,set,24
home,pm,6
home,fire,44
home,cut,2
home,big,52
home,back,40
home,up,116
home,us,8
home,peace,6
home,go,40
home,lee,8
home,reds,26
home,tengku,58
home,hit,16
home,ties,8
home,chief,18
home,move,6
home,crash,44
home,day,26
home,red,46
home,ban,50
home,attack,36
home,gets,30
home,latest,8
home,page,16
home,???,14
men,four,152
men,new,606
men,call,150
men,strike,354
men,hurt,44
men,work,104
men,bank,64
men,top,30
men,three,58
men,life,30
men,air,112
men,aid,52
men,bid,134
men,dead,64
men,down,96
men,way,104
men,war,134
men,razak,86
men,nt,60
men,dies,132
men,time,28
men,blast,10
men,die,132
men,says,98
men,goes,78
men,troops,8
men,visit,124
men,today,98
men,car,116
men,may,312
men,man,144
men,police,336
men,girl,112
men,first,20
men,10,18
men,take,60
men,jakarta,124
men,shot,56
men,get,162
men,hits,22
men,pay,32
men,peace,20
men,death,154
men,kills,78
men,chinese,38
men,talks,124
men,woman,114
men,two,304
men,help,12
men,trade,62
men,held,140
men,found,110
men,king,80
men,plan,62
men,set,96
men,pm,2
men,fire,110
men,cut,6
men,big,158
men,back,120
men,up,352
men,us,24
men,go,154
men,lee,30
men,reds,82
men,tengku,166
men,hit,52
men,ties,20
men,chief,38
men,move,18
men,crash,134
men,day,66
men,red,132
men,ban,132
men,attack,116
men,killed,78
men,gets,92
men,latest,24
men,government,12
men,???,42
down,four,54
down,call,56
down,strike,104
down,hurt,16
down,work,36
down,japan,2
down,bank,22
down,top,10
down,new,228
down,three,30
down,life,10
down,air,38
down,aid,16
down,bid,46
down,dead,22
down,way,36
down,war,48
down,nt,22
down,dies,46
down,time,18
down,blast,4
down,die,42
down,says,42
down,goes,28
down,troops,4
down,visit,48
down,today,38
down,car,42
down,razak,28
down,may,92
down,man,58
down,police,120
down,killed,34
down,girl,38
down,first,10
down,10,36
down,take,14
down,jakarta,48
down,shot,18
down,get,48
down,hits,12
down,pay,12
down,death,54
down,kills,28
down,chinese,12
down,talks,38
down,woman,42
down,two,116
down,help,4
down,trade,24
down,held,34
down,gets,32
down,found,44
down,king,26
down,plan,22
down,set,34
down,pm,10
down,fire,44
down,big,58
down,back,30
down,up,138
down,us,26
down,peace,6
down,go,48
down,index,4
down,lee,16
down,reds,42
down,tengku,68
down,hit,24
down,ties,6
down,chief,16
down,move,6
down,crash,50
down,day,24
down,red,52
down,ban,46
down,attack,36
down,latest,8
down,government,4
down,page,2
down,???,26
visit,four,106
visit,call,96
visit,strike,184
visit,hurt,26
visit,work,62
visit,japan,22
visit,bank,42
visit,top,14
visit,new,398
visit,asean,10
visit,three,36
visit,life,18
visit,air,76
visit,aid,36
visit,bid,76
visit,dead,38
visit,malaysia,30
visit,way,68
visit,war,90
visit,nt,46
visit,dies,84
visit,time,20
visit,blast,8
visit,die,84
visit,says,70
visit,goes,44
visit,troops,6
visit,today,76
visit,car,74
visit,razak,62
visit,may,182
visit,man,96
visit,police,222
visit,girl,68
visit,first,16
visit,10,12
visit,take,30
visit,jakarta,106
visit,shot,36
visit,get,88
visit,hits,14
visit,pay,16
visit,death,100
visit,kills,54
visit,chinese,26
visit,talks,80
visit,woman,76
visit,two,178
visit,help,8
visit,trade,40
visit,held,56
visit,gets,56
visit,found,76
visit,king,56
visit,plan,36
visit,set,60
visit,pm,4
visit,fire,74
visit,big,94
visit,back,62
visit,up,208
visit,us,32
visit,peace,12
visit,go,74
visit,lee,22
visit,reds,54
visit,tengku,130
visit,hit,38
visit,ties,40
visit,chief,24
visit,move,12
visit,crash,90
visit,day,40
visit,red,100
visit,ban,88
visit,attack,68
visit,latest,14
visit,killed,44
visit,page,2
visit,???,24
first,four,32
first,call,36
first,strike,54
first,hurt,8
first,work,20
first,japan,8
first,bank,26
first,top,4
first,new,138
first,asean,2
first,three,24
first,life,10
first,air,26
first,aid,18
first,bid,30
first,dead,14
first,malaysia,8
first,way,20
first,war,20
first,nt,10
first,time,76
first,blast,2
first,die,24
first,says,30
first,goes,18
first,troops,2
first,today,36
first,car,28
first,razak,18
first,may,64
first,man,44
first,police,68
first,killed,12
first,girl,20
first,10,14
first,take,10
first,jakarta,22
first,shot,16
first,get,40
first,hits,8
first,pay,12
first,death,46
first,kills,14
first,dies,32
first,chinese,12
first,talks,28
first,woman,38
first,two,66
first,help,4
first,trade,22
first,held,20
first,found,22
first,king,16
first,plan,14
first,set,26
first,pm,10
first,fire,20
first,big,36
first,back,18
first,up,62
first,us,16
first,peace,6
first,go,30
first,lee,16
first,reds,20
first,tengku,40
first,hit,12
first,ties,8
first,chief,10
first,move,14
first,crash,28
first,day,52
first,red,34
first,ban,24
first,attack,22
first,gets,16
first,latest,4
first,government,4
first,page,8
first,???,14
get,four,74
get,new,328
get,call,78
get,strike,114
get,hurt,12
get,work,62
get,bank,32
get,top,30
get,asean,2
get,three,28
get,life,26
get,air,58
get,aid,38
get,bid,62
get,way,52
get,war,72
get,dead,30
get,nt,28
get,dies,58
get,time,20
get,blast,6
get,die,52
get,says,68
get,goes,30
get,troops,2
get,today,50
get,car,52
get,razak,46
get,may,144
get,man,72
get,police,156
get,killed,26
get,girl,56
get,10,14
get,take,26
get,jakarta,66
get,shot,28
get,hits,10
get,pay,62
get,death,78
get,kills,34
get,chinese,26
get,talks,48
get,woman,50
get,two,142
get,help,60
get,trade,26
get,held,40
get,found,54
get,king,34
get,plan,28
get,set,68
get,pm,12
get,fire,60
get,cut,6
get,tengku,80
get,big,84
get,back,82
get,up,178
get,us,16
get,peace,6
get,go,54
get,lee,20
get,reds,40
get,hit,22
get,ties,12
get,chief,28
get,move,12
get,crash,54
get,day,36
get,red,62
get,ban,66
get,attack,52
get,gets,44
get,latest,18
get,government,18
get,???,24
cut,talks,2
cut,says,10
cut,new,2
cut,lee,2
cut,reds,2
cut,troops,4
cut,call,8
cut,strike,4
cut,car,2
cut,may,6
cut,ties,10
cut,help,2
cut,move,4
cut,bank,4
cut,red,8
cut,top,4
cut,attack,2
cut,10,4
cut,asean,2
cut,take,2
cut,plan,4
cut,three,6
cut,pm,2
cut,air,6
cut,aid,8
cut,pay,14
cut,two,10
cut,tengku,2
cut,government,2
cut,big,2
cut,bid,2
cut,page,2
cut,back,6
cut,???,2
cut,up,8
cut,us,10
cut,nt,2
cut,time,4
tengku,four,166
tengku,call,164
tengku,strike,326
tengku,hurt,36
tengku,work,102
tengku,japan,2
tengku,bank,76
tengku,top,24
tengku,new,704
tengku,asean,2
tengku,three,64
tengku,life,36
tengku,air,118
tengku,aid,70
tengku,bid,148
tengku,malaysia,16
tengku,way,110
tengku,war,138
tengku,dead,70
tengku,nt,96
tengku,dies,156
tengku,time,42
tengku,blast,16
tengku,die,136
tengku,says,166
tengku,goes,102
tengku,troops,14
tengku,today,152
tengku,car,118
tengku,razak,102
tengku,man,182
tengku,police,368
tengku,killed,78
tengku,girl,114
tengku,10,28
tengku,take,70
tengku,jakarta,140
tengku,shot,58
tengku,pay,26
tengku,peace,38
tengku,death,170
tengku,kills,88
tengku,chinese,50
tengku,talks,196
tengku,woman,114
tengku,two,330
tengku,help,24
tengku,trade,72
tengku,held,98
tengku,found,128
tengku,king,84
tengku,plan,88
tengku,set,106
tengku,fire,110
tengku,move,30
tengku,big,198
tengku,back,136
tengku,up,374
tengku,us,42
tengku,go,142
tengku,lee,52
tengku,reds,106
tengku,hit,70
tengku,ties,28
tengku,chief,46
tengku,crash,144
tengku,day,82
tengku,may,316
tengku,red,152
tengku,ban,146
tengku,attack,114
tengku,hits,54
tengku,gets,124
tengku,latest,26
tengku,government,6
tengku,page,2
tengku,???,42
today,four,84
today,new,340
today,call,82
today,strike,162
today,hurt,12
today,work,48
today,bank,40
today,top,14
today,three,32
today,life,18
today,air,60
today,aid,24
today,bid,74
today,dead,34
today,malaysia,4
today,way,50
today,war,62
today,nt,32
today,dies,76
today,time,12
today,blast,8
today,die,62
today,says,54
today,goes,42
today,troops,2
today,car,56
today,razak,44
today,may,164
today,man,84
today,police,168
today,girl,56
today,10,10
today,take,26
today,jakarta,68
today,shot,26
today,hits,14
today,pay,12
today,death,76
today,kills,44
today,chinese,20
today,talks,82
today,woman,54
today,two,156
today,help,4
today,trade,32
today,held,42
today,found,58
today,king,42
today,plan,36
today,set,56
today,pm,6
today,fire,56
today,big,90
today,back,46
today,up,184
today,us,14
today,peace,14
today,go,66
today,lee,16
today,reds,42
today,hit,30
today,ties,12
today,chief,22
today,move,10
today,crash,60
today,day,42
today,red,66
today,ban,68
today,attack,58
today,gets,48
today,latest,14
today,killed,36
today,government,2
today,column,2
today,???,18
king,four,34
king,call,30
king,strike,52
king,hurt,8
king,work,26
king,japan,4
king,bank,12
king,top,4
king,new,144
king,ban,26
king,three,16
king,life,6
king,air,24
king,aid,14
king,dead,12
king,way,24
king,war,32
king,nt,14
king,dies,42
king,time,10
king,die,20
king,says,20
king,goes,18
king,troops,4
king,car,28
king,may,62
king,man,30
king,police,78
king,killed,16
king,girl,22
king,10,6
king,take,12
king,jakarta,30
king,shot,12
king,trade,14
king,hits,4
king,pay,8
king,death,28
king,kills,14
king,chinese,10
king,talks,28
king,woman,24
king,two,62
king,held,22
king,found,22
king,plan,8
king,set,16
king,pm,4
king,fire,28
king,big,24
king,bid,20
king,back,32
king,up,78
king,us,6
king,peace,8
king,go,22
king,lee,4
king,reds,14
king,hit,4
king,razak,20
king,ties,8
king,chief,8
king,move,10
king,crash,28
king,day,20
king,red,26
king,attack,22
king,gets,24
king,latest,4
king,page,2
king,???,8
goes,four,54
goes,new,202
goes,call,50
goes,strike,98
goes,hurt,10
goes,work,36
goes,japan,2
goes,bank,24
goes,top,10
goes,asean,2
goes,three,18
goes,life,10
goes,air,44
goes,aid,20
goes,bid,54
goes,dead,20
goes,way,42
goes,war,52
goes,nt,24
goes,dies,44
goes,time,10
goes,blast,2
goes,die,38
goes,says,32
goes,troops,4
goes,car,40
goes,razak,32
goes,may,110
goes,man,56
goes,police,114
goes,killed,26
goes,girl,36
goes,take,16
goes,jakarta,48
goes,shot,18
goes,hits,8
goes,pay,12
goes,death,52
goes,kills,30
goes,10,8
goes,chinese,12
goes,talks,40
goes,woman,40
goes,two,108
goes,help,2
goes,trade,24
goes,held,28
goes,found,40
goes,plan,16
goes,set,32
goes,fire,42
goes,big,60
goes,back,50
goes,up,208
goes,us,10
goes,peace,8
goes,go,44
goes,index,2
goes,lee,8
goes,reds,26
goes,hit,16
goes,ties,6
goes,chief,12
goes,move,6
goes,crash,44
goes,day,26
goes,red,48
goes,ban,44
goes,attack,44
goes,gets,32
goes,latest,10
goes,???,10
peace,chinese,6
peace,talks,122
peace,woman,8
peace,four,14
peace,die,8
peace,says,30
peace,go,8
peace,aid,6
peace,reds,6
peace,troops,6
peace,two,22
peace,call,18
peace,strike,20
peace,hurt,2
peace,car,8
peace,work,8
peace,razak,10
peace,may,26
peace,ties,2
peace,man,12
peace,chief,4
peace,move,38
peace,trade,6
peace,held,8
peace,japan,4
peace,police,26
peace,crash,10
peace,killed,4
peace,bank,6
peace,found,8
peace,girl,8
peace,red,12
peace,ban,10
peace,top,4
peace,attack,8
peace,asean,6
peace,take,8
peace,plan,76
peace,lee,8
peace,jakarta,8
peace,latest,2
peace,shot,4
peace,10,2
peace,new,52
peace,set,10
peace,hits,2
peace,pm,2
peace,three,6
peace,life,2
peace,fire,8
peace,air,8
peace,pay,2
peace,gets,6
peace,day,4
peace,death,12
peace,kills,4
peace,government,4
peace,big,10
peace,bid,56
peace,page,2
peace,back,10
peace,dead,6
peace,way,14
peace,war,14
peace,up,40
peace,time,2
peace,hit,8
peace,us,4
peace,nt,4
peace,dies,10
peace,???,6
hurt,four,38
hurt,new,166
hurt,call,36
hurt,strike,84
hurt,work,20
hurt,japan,2
hurt,bank,20
hurt,top,4
hurt,three,14
hurt,life,8
hurt,air,28
hurt,aid,12
hurt,bid,36
hurt,way,26
hurt,war,28
hurt,dead,20
hurt,nt,14
hurt,dies,36
hurt,time,6
hurt,blast,86
hurt,die,30
hurt,says,28
hurt,troops,4
hurt,car,60
hurt,razak,16
hurt,may,64
hurt,man,44
hurt,police,90
hurt,killed,22
hurt,girl,26
hurt,10,8
hurt,take,8
hurt,jakarta,38
hurt,shot,18
hurt,hits,14
hurt,pay,4
hurt,death,42
hurt,kills,22
hurt,chinese,8
hurt,talks,28
hurt,woman,28
hurt,two,86
hurt,help,6
hurt,trade,20
hurt,held,28
hurt,found,32
hurt,plan,16
hurt,set,24
hurt,fire,58
hurt,big,48
hurt,back,20
hurt,up,76
hurt,us,14
hurt,go,28
hurt,lee,8
hurt,reds,28
hurt,hit,20
hurt,ties,8
hurt,chief,8
hurt,crash,236
hurt,day,16
hurt,red,46
hurt,ban,32
hurt,attack,66
hurt,move,4
hurt,gets,20
hurt,latest,4
hurt,government,2
hurt,???,12
take,go,8
take,chinese,2
take,woman,12
take,malaysia,4
take,four,8
take,die,6
take,says,20
take,talks,4
take,new,54
take,lee,16
take,aid,10
take,reds,4
take,troops,2
take,two,30
take,call,10
take,strike,28
take,car,8
take,work,12
take,razak,10
take,may,18
take,man,6
take,chief,4
take,help,2
take,trade,8
take,held,8
take,japan,2
take,police,32
take,bank,4
take,found,8
take,girl,10
take,red,12
take,top,12
take,attack,12
take,asean,6
take,plan,2
take,jakarta,20
take,shot,4
take,ties,12
take,hit,6
take,ban,12
take,three,4
take,killed,4
take,life,2
take,fire,12
take,air,12
take,crash,12
take,pay,10
take,gets,10
take,bid,8
take,day,4
take,latest,4
take,death,12
take,kills,6
take,government,12
take,big,34
take,back,16
take,dead,2
take,way,6
take,war,18
take,???,10
take,up,50
take,us,4
take,pm,6
take,nt,10
take,10,6
take,dies,6
take,time,16
life,four,26
life,strike,34
life,work,16
life,bank,10
life,top,8
life,dow,2
life,new,90
life,ban,34
life,three,10
life,air,18
life,aid,8
life,dead,8
life,way,14
life,call,26
life,war,20
life,razak,20
life,nt,8
life,dies,20
life,time,4
life,blast,4
life,die,18
life,says,28
life,car,16
life,may,48
life,man,26
life,police,52
life,killed,10
life,girl,22
life,10,6
life,jakarta,18
life,shot,8
life,hits,2
life,pay,4
life,death,38
life,kills,10
life,chinese,8
life,talks,16
life,woman,16
life,two,52
life,trade,8
life,held,12
life,found,16
life,plan,10
life,set,16
life,pm,2
life,fire,16
life,big,20
life,bid,24
life,back,20
life,up,50
life,us,4
life,go,20
life,lee,16
life,reds,10
life,hit,6
life,ties,4
life,chief,8
life,crash,18
life,day,10
life,red,20
life,attack,18
life,move,4
life,gets,14
life,latest,4
life,government,6
life,???,12
call,four,62
call,strike,138
call,work,52
call,japan,8
call,bank,28
call,top,10
call,asean,22
call,three,22
call,air,56
call,aid,38
call,dead,24
call,malaysia,4
call,way,42
call,war,70
call,razak,48
call,nt,28
call,dies,58
call,time,14
call,blast,6
call,die,50
call,says,46
call,troops,4
call,car,46
call,may,134
call,man,60
call,police,166
call,killed,24
call,girl,68
call,10,6
call,new,278
call,jakarta,74
call,shot,20
call,hits,6
call,pay,14
call,death,58
call,kills,30
call,chinese,20
call,talks,76
call,woman,48
call,two,126
call,help,6
call,trade,38
call,held,36
call,found,48
call,plan,28
call,hit,16
call,set,36
call,pm,12
call,fire,58
call,big,64
call,bid,50
call,back,50
call,up,162
call,us,36
call,go,52
call,lee,16
call,reds,40
call,ties,16
call,chief,26
call,crash,54
call,day,36
call,red,62
call,ban,70
call,attack,50
call,move,10
call,gets,46
call,latest,12
call,government,20
call,???,18
police,four,194
police,new,782
police,strike,360
police,work,130
police,bank,94
police,top,32
police,ban,194
police,three,78
police,air,144
police,aid,80
police,bid,178
police,way,128
police,war,168
police,dead,88
police,nt,88
police,dies,168
police,time,42
police,blast,16
police,die,156
police,says,134
police,troops,10
police,car,154
police,razak,106
police,may,368
police,man,244
police,killed,96
police,girl,154
police,10,34
police,jakarta,176
police,shot,84
police,pay,34
police,death,200
police,kills,102
police,chinese,48
police,talks,134
police,woman,142
police,two,440
police,help,20
police,trade,78
police,held,132
police,gets,120
police,found,156
police,plan,84
police,set,116
police,pm,4
police,fire,230
police,reds,120
police,big,206
police,back,132
police,up,446
police,us,26
police,go,148
police,lee,36
police,hit,78
police,ties,24
police,chief,116
police,move,22
police,crash,162
police,day,84
police,red,196
police,attack,146
police,hits,26
police,latest,30
police,government,2
police,???,50
plan,four,66
plan,strike,126
plan,work,40
plan,bank,32
plan,top,14
plan,new,284
plan,asean,8
plan,three,26
plan,air,46
plan,aid,30
plan,bid,54
plan,way,42
plan,war,58
plan,dead,26
plan,malaysia,6
plan,nt,28
plan,dies,60
plan,time,10
plan,blast,4
plan,die,46
plan,says,58
plan,troops,4
plan,car,48
plan,razak,40
plan,may,136
plan,man,66
plan,girl,42
plan,10,8
plan,jakarta,46
plan,shot,20
plan,hits,10
plan,pay,14
plan,death,64
plan,kills,34
plan,chinese,16
plan,talks,62
plan,woman,42
plan,two,132
plan,help,16
plan,trade,34
plan,held,36
plan,gets,46
plan,found,44
plan,set,48
plan,pm,2
plan,fire,48
plan,big,72
plan,back,40
plan,up,176
plan,us,18
plan,go,52
plan,lee,14
plan,reds,46
plan,hit,24
plan,ties,14
plan,chief,18
plan,move,16
plan,crash,52
plan,day,30
plan,red,66
plan,ban,56
plan,attack,46
plan,latest,10
plan,killed,28
plan,government,8
plan,page,4
plan,???,16
set,four,72
set,strike,100
set,work,44
set,japan,2
set,bank,38
set,top,18
set,new,298
set,asean,2
set,three,30
set,air,54
set,aid,24
set,bid,60
set,malaysia,4
set,way,46
set,war,64
set,dead,28
set,razak,46
set,nt,28
set,dies,52
set,time,14
set,blast,6
set,die,54
set,says,48
set,car,50
set,may,138
set,man,58
set,girl,52
set,10,4
set,jakarta,52
set,shot,26
set,hits,6
set,pay,18
set,death,66
set,kills,32
set,chinese,22
set,talks,56
set,woman,46
set,two,140
set,help,8
set,trade,28
set,held,32
set,found,46
set,pm,10
set,fire,96
set,big,86
set,back,48
set,up,434
set,us,8
set,go,62
set,index,2
set,lee,16
set,reds,30
set,hit,24
set,ties,18
set,chief,20
set,move,14
set,crash,54
set,day,30
set,red,58
set,ban,64
set,attack,50
set,gets,38
set,latest,12
set,killed,20
set,government,8
set,???,12
fire,four,28
fire,strike,50
fire,work,18
fire,bank,10
fire,top,4
fire,new,92
fire,three,8
fire,air,26
fire,aid,16
fire,bid,16
fire,way,16
fire,war,26
fire,dead,14
fire,razak,16
fire,nt,14
fire,dies,30
fire,time,6
fire,blast,2
fire,die,34
fire,says,14
fire,troops,6
fire,car,26
fire,may,44
fire,man,32
fire,killed,18
fire,girl,20
fire,10,8
fire,jakarta,28
fire,shot,10
fire,hits,6
fire,pay,2
fire,death,30
fire,kills,58
fire,chinese,4
fire,talks,12
fire,woman,26
fire,two,48
fire,help,2
fire,trade,12
fire,held,18
fire,found,22
fire,hit,8
fire,big,26
fire,back,20
fire,up,64
fire,us,4
fire,go,16
fire,lee,4
fire,reds,16
fire,ties,2
fire,chief,4
fire,crash,22
fire,day,12
fire,red,20
fire,ban,20
fire,attack,16
fire,move,2
fire,gets,18
fire,latest,2
fire,government,8
fire,???,10
index,move,2
index,10,36
index,day,6
index,back,2
index,new,56
index,two,2
index,way,2
index,hits,46
index,up,178
index,hit,8
index,may,2
index,time,2
lee,four,30
lee,strike,44
lee,work,20
lee,japan,24
lee,bank,18
lee,top,16
lee,new,136
lee,ban,20
lee,asean,34
lee,three,12
lee,air,22
lee,aid,18
lee,dead,8
lee,malaysia,14
lee,way,40
lee,war,20
lee,nt,28
lee,dies,24
lee,time,12
lee,blast,2
lee,die,22
lee,says,42
lee,car,14
lee,razak,30
lee,may,56
lee,man,24
lee,killed,10
lee,girl,18
lee,10,4
lee,jakarta,22
lee,shot,8
lee,hits,16
lee,pay,14
lee,death,20
lee,kills,12
lee,chinese,10
lee,talks,128
lee,woman,16
lee,two,52
lee,help,6
lee,trade,16
lee,held,12
lee,found,16
lee,hit,6
lee,pm,16
lee,big,32
lee,bid,26
lee,back,80
lee,up,58
lee,us,32
lee,go,22
lee,reds,18
lee,ties,10
lee,chief,8
lee,crash,20
lee,day,14
lee,red,32
lee,attack,16
lee,move,8
lee,gets,38
lee,latest,4
lee,government,8
lee,???,10
blast,four,24
blast,strike,26
blast,work,10
blast,bank,6
blast,top,2
blast,new,54
blast,ban,10
blast,three,18
blast,air,10
blast,aid,4
blast,bid,16
blast,dead,10
blast,way,8
blast,war,10
blast,nt,4
blast,dies,14
blast,time,2
blast,die,22
blast,says,8
blast,car,12
blast,may,28
blast,man,24
blast,killed,22
blast,girl,10
blast,10,8
blast,jakarta,10
blast,shot,6
blast,hits,2
blast,pay,2
blast,death,18
blast,kills,108
blast,chinese,4
blast,talks,14
blast,woman,14
blast,two,56
blast,trade,6
blast,held,10
blast,found,8
blast,big,14
blast,back,10
blast,troops,2
blast,up,32
blast,us,6
blast,go,12
blast,reds,14
blast,hit,4
blast,razak,8
blast,ties,2
blast,chief,4
blast,crash,10
blast,day,8
blast,red,16
blast,attack,10
blast,asean,2
blast,move,2
blast,gets,8
blast,latest,2
blast,???,2
go,four,88
go,strike,194
go,work,74
go,bank,38
go,top,18
go,new,348
go,three,36
go,air,68
go,aid,36
go,bid,68
go,dead,36
go,malaysia,6
go,way,74
go,war,80
go,nt,36
go,dies,74
go,time,20
go,die,62
go,says,74
go,troops,6
go,car,68
go,razak,56
go,may,158
go,man,92
go,girl,58
go,10,12
go,jakarta,80
go,shot,30
go,hits,14
go,pay,18
go,death,90
go,kills,46
go,chinese,24
go,talks,62
go,woman,64
go,two,160
go,help,6
go,trade,34
go,held,52
go,found,66
go,pm,14
go,big,80
go,back,126
go,up,420
go,us,14
go,reds,42
go,hit,28
go,ties,10
go,chief,20
go,crash,78
go,day,40
go,red,86
go,ban,76
go,attack,60
go,move,12
go,gets,46
go,latest,14
go,killed,38
go,government,4
go,page,6
go,???,28
attack,four,74
attack,strike,132
attack,work,48
attack,bank,26
attack,top,10
attack,new,266
attack,asean,4
attack,three,34
attack,air,58
attack,aid,28
attack,dead,30
attack,malaysia,4
attack,way,44
attack,war,66
attack,nt,32
attack,dies,56
attack,time,16
attack,die,56
attack,says,48
attack,troops,6
attack,car,58
attack,razak,40
attack,may,130
attack,man,84
attack,killed,40
attack,girl,58
attack,10,8
attack,jakarta,64
attack,shot,28
attack,hits,10
attack,pay,14
attack,death,78
attack,kills,36
attack,chinese,16
attack,talks,44
attack,woman,54
attack,two,136
attack,help,4
attack,trade,28
attack,held,48
attack,gets,42
attack,found,56
attack,big,66
attack,bid,56
attack,back,56
attack,up,148
attack,us,24
attack,reds,42
attack,hit,26
attack,ties,10
attack,chief,18
attack,move,8
attack,crash,66
attack,day,30
attack,red,62
attack,ban,64
attack,latest,12
attack,government,4
attack,???,18
new,four,400
new,strike,712
new,work,272
new,japan,12
new,bank,188
new,top,74
new,dow,2
new,asean,12
new,three,142
new,air,336
new,aid,154
new,bid,396
new,way,278
new,war,398
new,dead,154
new,razak,244
new,malaysia,16
new,nt,162
new,dies,320
new,time,86
new,die,310
new,says,300
new,troops,26
new,car,284
new,may,782
new,man,384
new,killed,156
new,girl,296
new,10,38
new,jakarta,372
new,shot,142
new,pay,108
new,death,388
new,kills,204
new,chinese,124
new,talks,332
new,woman,284
new,two,764
new,help,48
new,trade,186
new,held,218
new,gets,250
new,found,302
new,pm,38
new,big,372
new,back,272
new,up,876
new,us,90
new,reds,236
new,hit,144
new,ties,86
new,chief,200
new,move,96
new,crash,318
new,day,174
new,red,368
new,ban,372
new,hits,62
new,latest,68
new,government,58
new,page,6
new,column,16
new,???,94
dies,four,86
dies,strike,120
dies,work,56
dies,japan,2
dies,bank,34
dies,top,14
dies,ban,70
dies,three,32
dies,air,64
dies,aid,30
dies,bid,70
dies,dead,32
dies,way,54
dies,war,72
dies,razak,52
dies,nt,30
dies,time,18
dies,die,56
dies,says,44
dies,car,84
dies,may,168
dies,man,72
dies,killed,28
dies,girl,62
dies,10,8
dies,jakarta,62
dies,shot,26
dies,hits,12
dies,pay,14
dies,death,78
dies,kills,36
dies,chinese,24
dies,talks,56
dies,woman,54
dies,two,170
dies,trade,30
dies,held,44
dies,found,52
dies,big,62
dies,back,56
dies,up,186
dies,us,6
dies,reds,34
dies,hit,20
dies,ties,12
dies,chief,24
dies,crash,190
dies,day,36
dies,red,68
dies,move,12
dies,gets,52
dies,latest,14
dies,???,18
troops,four,22
troops,strike,42
troops,work,8
troops,japan,2
troops,bank,8
troops,top,2
troops,three,8
troops,air,10
troops,aid,6
troops,bid,20
troops,dead,8
troops,malaysia,2
troops,way,12
troops,war,16
troops,nt,8
troops,time,4
troops,die,16
troops,says,18
troops,car,10
troops,razak,10
troops,may,30
troops,man,18
troops,killed,12
troops,girl,10
troops,10,2
troops,jakarta,14
troops,shot,6
troops,hits,4
troops,pay,4
troops,death,16
troops,kills,10
troops,chinese,4
troops,talks,12
troops,woman,10
troops,two,36
troops,help,6
troops,trade,6
troops,held,8
troops,found,12
troops,hit,14
troops,big,32
troops,back,14
troops,up,52
troops,us,6
troops,reds,32
troops,ties,2
troops,chief,4
troops,move,24
troops,crash,12
troops,day,6
troops,red,24
troops,ban,12
troops,gets,8
troops,latest,2
troops,???,4
killed,four,74
killed,strike,110
killed,work,38
killed,japan,4
killed,bank,34
killed,top,8
killed,three,30
killed,air,64
killed,aid,20
killed,bid,62
killed,dead,28
killed,way,48
killed,war,48
killed,nt,24
killed,time,10
killed,die,48
killed,says,40
killed,car,62
killed,razak,32
killed,may,110
killed,man,78
killed,girl,44
killed,10,18
killed,jakarta,48
killed,shot,24
killed,hits,18
killed,pay,8
killed,death,64
killed,kills,30
killed,chinese,16
killed,talks,44
killed,woman,44
killed,two,148
killed,help,4
killed,trade,24
killed,held,40
killed,found,46
killed,big,64
killed,back,36
killed,up,140
killed,us,8
killed,reds,32
killed,hit,24
killed,ties,8
killed,chief,16
killed,move,8
killed,crash,272
killed,day,26
killed,red,72
killed,ban,50
killed,gets,36
killed,latest,10
killed,???,14
latest,four,16
latest,strike,20
latest,work,6
latest,japan,2
latest,top,4
latest,dow,2
latest,10,4
latest,three,12
latest,air,16
latest,aid,4
latest,dead,14
latest,way,4
latest,war,18
latest,nt,6
latest,time,4
latest,die,26
latest,says,14
latest,car,10
latest,razak,4
latest,may,10
latest,man,6
latest,girl,8
latest,jakarta,10
latest,shot,20
latest,pay,6
latest,death,14
latest,kills,4
latest,talks,14
latest,woman,10
latest,two,24
latest,help,4
latest,trade,6
latest,held,14
latest,found,16
latest,hit,14
latest,pm,4
latest,big,8
latest,bid,12
latest,back,12
latest,up,18
latest,us,16
latest,reds,10
latest,move,10
latest,crash,20
latest,day,2
latest,red,10
latest,ban,8
latest,chief,4
latest,hits,10
latest,gets,8
latest,government,12
latest,???,2
???,four,24
???,strike,38
???,work,8
???,japan,4
???,bank,10
???,top,6
???,asean,8
???,three,12
???,air,14
???,aid,8
???,bid,16
???,dead,8
???,way,20
???,war,10
???,nt,16
???,time,6
???,die,14
???,says,18
???,car,10
???,razak,10
???,may,28
???,man,28
???,girl,14
???,10,4
???,jakarta,14
???,shot,6
???,hits,4
???,pay,2
???,death,24
???,kills,10
???,chinese,8
???,talks,16
???,woman,20
???,two,40
???,help,4
???,trade,8
???,held,12
???,found,16
???,pm,54
???,big,24
???,back,10
???,up,42
???,us,12
???,reds,10
???,hit,10
???,ties,2
???,chief,6
???,move,6
???,crash,14
???,red,14
???,ban,16
???,gets,8
???,day,14
???,government,8
???,page,10
nt,four,36
nt,strike,84
nt,work,34
nt,bank,18
nt,top,4
nt,asean,8
nt,three,12
nt,air,28
nt,aid,26
nt,bid,30
nt,dead,16
nt,malaysia,6
nt,way,28
nt,war,46
nt,time,16
nt,die,38
nt,says,124
nt,car,28
nt,razak,24
nt,may,68
nt,man,38
nt,girl,30
nt,10,6
nt,jakarta,40
nt,shot,12
nt,help,20
nt,hits,6
nt,pay,26
nt,death,40
nt,kills,20
nt,chinese,12
nt,talks,32
nt,woman,30
nt,two,70
nt,trade,24
nt,held,24
nt,found,34
nt,pm,32
nt,big,54
nt,back,40
nt,up,128
nt,us,46
nt,reds,26
nt,hit,26
nt,ties,24
nt,chief,12
nt,move,6
nt,crash,32
nt,day,18
nt,red,38
nt,ban,36
nt,gets,24
nt,government,12
razak,chinese,6
razak,four,22
razak,talks,42
razak,woman,20
razak,die,20
razak,says,36
razak,aid,26
razak,reds,12
razak,two,36
razak,strike,28
razak,car,18
razak,work,20
razak,may,48
razak,ties,14
razak,man,12
razak,chief,6
razak,help,12
razak,trade,10
razak,held,12
razak,japan,4
razak,crash,28
razak,bank,8
razak,found,18
razak,girl,24
razak,red,26
razak,top,4
razak,asean,4
razak,jakarta,40
razak,shot,12
razak,hit,6
razak,ban,30
razak,three,6
razak,hits,2
razak,air,30
razak,pay,6
razak,government,4
razak,gets,32
razak,day,14
razak,death,24
razak,kills,12
razak,big,14
razak,bid,16
razak,page,4
razak,back,44
razak,dead,4
razak,malaysia,12
razak,way,20
razak,war,36
razak,up,56
razak,us,22
razak,time,14
jakarta,four,32
jakarta,strike,58
jakarta,work,24
jakarta,japan,2
jakarta,bank,14
jakarta,top,4
jakarta,ban,48
jakarta,three,12
jakarta,air,36
jakarta,aid,16
jakarta,dead,14
jakarta,malaysia,4
jakarta,way,20
jakarta,war,30
jakarta,time,10
jakarta,die,24
jakarta,says,38
jakarta,car,24
jakarta,may,70
jakarta,man,34
jakarta,girl,30
jakarta,10,4
jakarta,shot,10
jakarta,hits,4
jakarta,pay,6
jakarta,death,28
jakarta,kills,18
jakarta,chinese,20
jakarta,talks,50
jakarta,woman,28
jakarta,two,74
jakarta,help,6
jakarta,trade,24
jakarta,held,20
jakarta,found,30
jakarta,pm,4
jakarta,big,36
jakarta,bid,28
jakarta,back,24
jakarta,up,98
jakarta,us,18
jakarta,reds,28
jakarta,hit,16
jakarta,ties,20
jakarta,chief,12
jakarta,crash,24
jakarta,day,14
jakarta,red,32
jakarta,move,8
jakarta,gets,38
jakarta,government,14
woman,four,52
woman,strike,86
woman,work,34
woman,bank,26
woman,top,6
woman,three,18
woman,air,36
woman,aid,20
woman,bid,36
woman,way,32
woman,war,40
woman,dead,44
woman,time,10
woman,die,44
woman,says,30
woman,car,40
woman,may,86
woman,man,58
woman,girl,38
woman,10,4
woman,shot,30
woman,hits,10
woman,pay,10
woman,death,88
woman,kills,26
woman,chinese,14
woman,talks,34
woman,two,100
woman,help,8
woman,trade,20
woman,held,42
woman,found,90
woman,pm,2
woman,big,46
woman,back,34
woman,up,120
woman,us,10
woman,reds,28
woman,hit,24
woman,ties,8
woman,chief,20
woman,crash,50
woman,day,20
woman,red,54
woman,ban,40
woman,move,6
woman,gets,40
woman,column,2
pm,four,4
pm,work,6
pm,japan,14
pm,bank,2
pm,top,16
pm,three,4
pm,air,4
pm,aid,4
pm,dead,2
pm,malaysia,12
pm,war,2
pm,time,8
pm,says,16
pm,may,6
pm,man,2
pm,way,20
pm,death,4
pm,chinese,8
pm,talks,58
pm,two,12
pm,pay,14
pm,help,22
pm,trade,20
pm,held,4
pm,die,2
pm,found,2
pm,big,6
pm,bid,8
pm,back,52
pm,up,22
pm,us,22
pm,ties,36
pm,move,4
pm,crash,2
pm,day,10
pm,red,2
pm,asean,40
pm,hits,2
pm,gets,6
pm,government,22
reds,four,114
reds,strike,212
reds,work,54
reds,bank,50
reds,top,18
reds,asean,6
reds,three,50
reds,air,72
reds,aid,28
reds,bid,104
reds,malaysia,12
reds,way,70
reds,war,86
reds,dead,52
reds,time,16
reds,die,112
reds,says,102
reds,car,78
reds,may,194
reds,man,118
reds,girl,68
reds,10,24
reds,shot,46
reds,hits,20
reds,pay,14
reds,death,110
reds,kills,60
reds,chinese,24
reds,talks,88
reds,two,224
reds,help,8
reds,trade,46
reds,held,82
reds,gets,54
reds,found,78
reds,big,116
reds,back,64
reds,up,296
reds,us,22
reds,hit,50
reds,ties,18
reds,chief,30
reds,move,24
reds,crash,86
reds,day,40
reds,red,98
reds,ban,92
reds,government,12
column,chinese,2
column,war,2
column,red,2
four,strike,128
four,work,58
four,japan,4
four,bank,40
four,top,22
four,asean,2
four,three,24
four,air,68
four,aid,36
four,bid,70
four,dead,36
four,malaysia,2
four,way,52
four,war,78
four,time,22
four,die,112
four,says,54
four,car,68
four,may,164
four,man,70
four,girl,68
four,10,6
four,shot,32
four,hits,10
four,pay,18
four,death,92
four,kills,40
four,chinese,20
four,talks,58
four,two,164
four,help,12
four,trade,32
four,held,76
four,found,68
four,big,72
four,back,70
four,up,186
four,us,8
four,hit,26
four,ties,14
four,chief,22
four,move,8
four,crash,122
four,day,36
four,red,76
four,ban,80
four,gets,54
strike,work,140
strike,japan,2
strike,bank,118
strike,top,32
strike,three,102
strike,air,160
strike,aid,74
strike,bid,196
strike,dead,104
strike,malaysia,4
strike,way,144
strike,jones,2
strike,time,44
strike,die,174
strike,says,134
strike,car,160
strike,may,448
strike,man,224
strike,girl,154
strike,10,22
strike,war,176
strike,shot,72
strike,hits,60
strike,pay,40
strike,death,210
strike,kills,112
strike,chinese,64
strike,talks,184
strike,two,434
strike,help,8
strike,trade,86
strike,held,112
strike,found,162
strike,big,226
strike,back,144
strike,up,516
strike,us,24
strike,hit,74
strike,ties,32
strike,chief,66
strike,move,44
strike,crash,170
strike,day,102
strike,red,184
strike,ban,194
strike,gets,134
strike,government,4
back,work,82
back,japan,6
back,bank,12
back,top,8
back,dow,2
back,asean,20
back,three,14
back,air,38
back,aid,18
back,bid,30
back,dead,16
back,malaysia,18
back,way,20
back,war,38
back,time,12
back,die,24
back,says,40
back,car,24
back,man,38
back,girl,26
back,10,8
back,shot,12
back,hits,4
back,pay,12
back,death,36
back,kills,16
back,chinese,6
back,talks,44
back,two,60
back,help,4
back,trade,24
back,held,28
back,found,28
back,big,38
back,up,76
back,us,28
back,hit,14
back,ties,4
back,chief,6
back,move,6
back,crash,32
back,day,16
back,may,60
back,red,40
back,ban,40
back,gets,24
back,government,18
back,page,4
found,work,42
found,japan,2
found,bank,30
found,top,10
found,three,26
found,air,48
found,aid,24
found,bid,56
found,way,42
found,war,54
found,dead,324
found,malaysia,4
found,time,12
found,die,56
found,says,42
found,car,60
found,may,128
found,man,72
found,girl,54
found,10,6
found,shot,86
found,hits,10
found,pay,12
found,death,74
found,kills,32
found,chinese,22
found,talks,50
found,two,128
found,help,2
found,trade,26
found,held,40
found,big,66
found,up,148
found,us,8
found,hit,22
found,ties,10
found,chief,18
found,crash,54
found,day,26
found,red,60
found,ban,60
found,move,8
found,gets,40
found,government,2
found,page,6
death,work,68
death,bank,44
death,top,18
death,ban,96
death,three,40
death,air,78
death,aid,40
death,bid,98
death,dead,42
death,way,66
death,war,84
death,time,20
death,die,86
death,says,66
death,car,78
death,may,200
death,man,116
death,girl,90
death,10,14
death,shot,38
death,hits,18
death,pay,16
death,kills,52
death,chinese,26
death,talks,68
death,two,218
death,help,12
death,trade,40
death,held,58
death,big,98
death,up,224
death,us,14
death,hit,42
death,ties,14
death,chief,28
death,crash,100
death,day,44
death,red,92
death,move,16
death,gets,62
death,government,4
up,work,134
up,japan,4
up,bank,92
up,top,44
up,dow,4
up,asean,18
up,three,90
up,air,150
up,aid,76
up,bid,160
up,dead,80
up,malaysia,24
up,way,128
up,war,212
up,miscellaneous,2
up,time,44
up,die,146
up,says,154
up,car,144
up,may,368
up,man,194
up,girl,142
up,10,58
up,shot,68
up,held,110
up,hits,30
up,pay,42
up,kills,84
up,chinese,54
up,talks,142
up,two,386
up,help,16
up,trade,96
up,gets,110
up,big,176
up,us,44
up,hit,72
up,ties,46
up,chief,50
up,move,30
up,crash,156
up,day,86
up,red,180
up,ban,186
up,government,16
up,page,18
us,work,22
us,japan,36
us,bank,30
us,top,6
us,asean,34
us,three,14
us,air,36
us,aid,82
us,bid,44
us,dead,24
us,malaysia,6
us,way,24
us,war,54
us,time,12
us,die,24
us,says,90
us,car,26
us,may,74
us,man,42
us,girl,18
us,10,10
us,shot,24
us,hits,22
us,pay,10
us,kills,16
us,chinese,18
us,talks,78
us,two,66
us,help,22
us,trade,88
us,held,20
us,big,44
us,hit,30
us,ties,28
us,chief,10
us,move,22
us,crash,32
us,day,14
us,red,30
us,ban,40
us,gets,30
us,government,24
move,chinese,8
move,talks,12
move,die,8
move,says,16
move,aid,6
move,car,6
move,work,10
move,may,20
move,ties,14
move,man,4
move,chief,4
move,help,14
move,trade,14
move,held,6
move,crash,8
move,day,6
move,bank,14
move,girl,8
move,red,8
move,top,6
move,asean,10
move,shot,4
move,hit,8
move,ban,10
move,three,4
move,hits,2
move,air,8
move,pay,6
move,gets,6
move,two,18
move,kills,4
move,government,4
move,big,8
move,bid,8
move,dead,2
move,malaysia,4
move,way,6
move,war,20
move,time,4
chief,chinese,4
chief,talks,20
chief,die,12
chief,says,20
chief,aid,8
chief,car,16
chief,work,14
chief,may,46
chief,ties,2
chief,man,6
chief,trade,4
chief,held,22
chief,crash,26
chief,day,10
chief,bank,6
chief,girl,16
chief,red,18
chief,top,8
chief,shot,24
chief,hit,4
chief,ban,20
chief,three,6
chief,hits,2
chief,air,14
chief,pay,4
chief,gets,28
chief,two,32
chief,kills,8
chief,government,2
chief,big,10
chief,bid,14
chief,malaysia,6
chief,way,14
chief,war,20
chief,dead,28
chief,time,8
government,work,14
government,bank,14
government,top,20
government,three,14
government,air,10
government,aid,28
government,bid,24
government,dead,8
government,malaysia,6
government,way,18
government,war,18
government,time,12
government,die,14
government,says,62
government,car,28
government,may,108
government,man,24
government,girl,10
government,10,8
government,shot,6
government,hits,8
government,pay,52
government,kills,10
government,chinese,8
government,talks,24
government,two,52
government,help,50
government,trade,12
government,held,12
government,gets,30
government,big,26
government,hit,12
government,ties,6
government,crash,16
government,day,6
government,red,26
government,ban,34
red,work,76
red,bank,52
red,top,16
red,three,50
red,air,90
red,aid,52
red,malaysia,8
red,way,84
red,war,112
red,dead,60
red,time,20
red,die,106
red,says,100
red,car,94
red,may,218
red,man,154
red,girl,84
red,10,22
red,shot,64
red,hits,26
red,pay,18
red,kills,76
red,chinese,36
red,talks,98
red,two,254
red,help,14
red,trade,62
red,held,118
red,gets,68
red,hit,60
red,big,136
red,ties,22
red,crash,110
red,day,52
red,ban,120
red,bid,120
red,page,10
japan,chinese,2
japan,talks,10
japan,says,20
japan,two,2
japan,car,8
japan,may,12
japan,ties,16
japan,help,18
japan,trade,26
japan,held,2
japan,bank,6
japan,girl,2
japan,top,12
japan,man,2
japan,10,6
japan,asean,14
japan,shot,2
japan,hit,6
japan,ban,2
japan,hits,4
japan,air,2
japan,aid,20
japan,pay,2
japan,gets,8
japan,kills,2
japan,big,4
japan,bid,6
japan,malaysia,2
japan,way,2
japan,war,10
japan,work,2
bank,work,28
bank,top,8
bank,ban,38
bank,asean,2
bank,three,16
bank,air,30
bank,aid,28
bank,dead,16
bank,malaysia,6
bank,way,28
bank,war,40
bank,time,8
bank,die,28
bank,says,40
bank,car,26
bank,may,94
bank,man,44
bank,girl,30
bank,10,2
bank,shot,16
bank,hits,6
bank,pay,16
bank,kills,20
bank,chinese,10
bank,talks,30
bank,two,84
bank,help,8
bank,trade,14
bank,held,36
bank,hit,10
bank,big,36
bank,bid,40
bank,ties,4
bank,crash,30
bank,day,14
bank,gets,28
bank,page,6
air,work,22
air,top,6
air,three,6
air,aid,16
air,bid,20
air,dead,6
air,malaysia,2
air,way,20
air,war,38
air,time,16
air,die,20
air,says,16
air,car,18
air,may,64
air,man,22
air,girl,36
air,10,6
air,shot,10
air,hits,2
air,pay,4
air,kills,22
air,chinese,4
air,talks,74
air,two,46
air,help,2
air,trade,12
air,held,14
air,big,24
air,hit,10
air,ties,2
air,crash,124
air,day,14
air,ban,34
air,asean,6
air,gets,24
aid,chinese,2
aid,talks,20
aid,says,14
aid,work,6
aid,may,8
aid,man,2
aid,help,2
aid,trade,4
aid,held,4
aid,crash,4
aid,day,4
aid,girl,4
aid,asean,8
aid,ban,8
aid,gets,8
aid,bid,2
aid,malaysia,22
aid,two,12
aid,war,8
aid,time,2
way,work,40
way,top,16
way,asean,8
way,three,20
way,bid,52
way,dead,20
way,malaysia,2
way,war,54
way,time,12
way,die,52
way,says,56
way,car,38
way,may,110
way,man,48
way,girl,46
way,10,4
way,shot,20
way,hits,6
way,pay,14
way,kills,28
way,chinese,22
way,talks,38
way,two,106
way,help,2
way,trade,26
way,held,32
way,hit,20
way,big,54
way,ties,10
way,crash,50
way,day,22
way,ban,54
way,gets,36
war,work,34
war,top,4
war,three,14
war,bid,34
war,dead,22
war,malaysia,4
war,time,12
war,die,38
war,says,70
war,car,42
war,may,80
war,man,54
war,girl,40
war,10,8
war,shot,20
war,hits,10
war,pay,12
war,kills,28
war,chinese,8
war,talks,38
war,two,84
war,help,4
war,trade,26
war,held,32
war,big,52
war,hit,20
war,ties,4
war,crash,56
war,day,24
war,ban,48
war,gets,36
war,page,2
car,work,46
car,top,12
car,three,28
car,bid,58
car,dead,34
car,time,18
car,says,48
car,may,132
car,man,78
car,girl,62
car,10,14
car,shot,26
car,hits,26
car,pay,12
car,kills,60
car,chinese,18
car,talks,46
car,two,150
car,help,4
car,trade,34
car,held,52
car,die,58
car,big,58
car,hit,34
car,ties,10
car,crash,132
car,day,28
car,ban,68
car,gets,44
help,work,10
help,top,2
help,asean,10
help,three,8
help,malaysia,6
help,dead,10
help,time,6
help,die,16
help,says,28
help,may,30
help,man,20
help,girl,10
help,10,4
help,shot,6
help,hits,2
help,pay,8
help,kills,8
help,chinese,8
help,talks,14
help,two,32
help,trade,12
help,held,8
help,big,26
help,bid,12
help,hit,12
help,ties,10
help,crash,12
help,day,6
help,ban,12
help,gets,8
held,work,46
held,top,12
held,three,32
held,bid,82
held,dead,36
held,malaysia,8
held,time,14
held,die,68
held,says,58
held,may,140
held,man,88
held,girl,60
held,10,10
held,shot,30
held,hits,16
held,pay,14
held,kills,46
held,chinese,20
held,talks,60
held,two,162
held,trade,32
held,gets,44
held,big,102
held,hit,40
held,ties,10
held,crash,66
held,day,30
held,ban,74
page,chinese,2
page,malaysia,6
page,three,10
page,10,12
page,asean,2
page,may,12
page,miscellaneous,1618
page,two,12
page,ties,2
dow,hits,2
dow,jones,982
dow,time,4
may,work,86
may,top,26
may,ban,120
may,three,28
may,bid,76
may,dead,28
may,malaysia,12
may,time,34
may,die,68
may,says,106
may,man,74
may,girl,86
may,10,10
may,shot,34
may,hits,6
may,pay,40
may,kills,46
may,chinese,22
may,talks,62
may,two,182
may,trade,38
may,big,64
may,hit,50
may,ties,16
may,crash,90
may,day,100
may,asean,8
may,gets,70
man,work,110
man,top,36
man,three,84
man,bid,174
man,malaysia,6
man,dead,162
man,time,32
man,die,158
man,says,132
man,girl,136
man,10,28
man,shot,178
man,pay,32
man,kills,106
man,chinese,58
man,talks,136
man,two,380
man,trade,72
man,big,186
man,hit,88
man,ties,26
man,crash,180
man,day,70
man,ban,160
man,hits,30
man,gets,156
10,work,16
10,top,8
10,asean,2
10,three,14
10,bid,30
10,dead,22
10,malaysia,6
10,time,10
10,die,46
10,says,24
10,girl,18
10,shot,12
10,hits,6
10,pay,14
10,kills,16
10,chinese,10
10,talks,28
10,two,62
10,trade,14
10,big,38
10,hit,14
10,ties,4
10,crash,44
10,day,14
10,ban,24
10,gets,16
shot,work,18
shot,top,8
shot,three,8
shot,bid,40
shot,dead,388
shot,time,8
shot,die,22
shot,says,18
shot,girl,22
shot,hits,2
shot,pay,6
shot,kills,14
shot,chinese,4
shot,talks,16
shot,two,48
shot,trade,10
shot,big,30
shot,hit,10
shot,ties,4
shot,crash,22
shot,day,10
shot,ban,26
shot,gets,20
two,work,136
two,top,74
two,asean,2
two,three,86
two,bid,174
two,malaysia,4
two,dead,126
two,time,38
two,die,312
two,girl,150
two,hits,26
two,pay,44
two,kills,104
two,chinese,60
two,talks,144
two,trade,72
two,gets,114
two,says,134
two,big,182
two,hit,72
two,ties,34
two,crash,264
two,day,76
two,ban,184
asean,talks,60
asean,says,48
asean,work,6
asean,ties,40
asean,trade,46
asean,top,4
asean,hit,6
asean,ban,4
asean,three,4
asean,gets,10
asean,big,6
asean,bid,8
asean,time,4
top,talks,24
top,die,6
top,says,10
top,work,8
top,three,18
top,trade,4
top,girl,8
top,chinese,2
top,ties,2
top,ban,4
top,crash,10
top,pay,8
top,big,4
top,gets,6
top,day,6
top,kills,4
top,bid,2
top,time,2
malaysia,chinese,6
malaysia,talks,28
malaysia,says,32
malaysia,work,6
malaysia,hit,2
malaysia,ties,6
malaysia,trade,2
malaysia,day,6
malaysia,ban,8
malaysia,hits,2
malaysia,three,2
malaysia,pay,2
malaysia,gets,12
malaysia,big,10
malaysia,bid,4
malaysia,time,2
die,work,44
die,three,22
die,dead,20
die,time,14
die,says,46
die,girl,50
die,hits,20
die,pay,10
die,kills,32
die,chinese,12
die,talks,44
die,trade,26
die,hit,18
die,big,62
die,bid,60
die,ties,8
die,crash,334
die,day,28
die,ban,58
die,gets,44
hits,work,16
hits,three,14
hits,bid,24
hits,dead,16
hits,time,4
hits,says,16
hits,girl,18
hits,pay,4
hits,kills,14
hits,chinese,10
hits,talks,22
hits,trade,18
hits,hit,10
hits,big,30
hits,ties,6
hits,crash,22
hits,day,16
hits,ban,22
hits,gets,14
kills,work,34
kills,three,62
kills,bid,40
kills,dead,20
kills,time,10
kills,says,32
kills,girl,64
kills,pay,8
kills,chinese,12
kills,talks,36
kills,trade,20
kills,big,50
kills,hit,16
kills,ties,6
kills,crash,42
kills,day,20
kills,ban,44
kills,gets,30
chinese,work,14
chinese,ban,24
chinese,three,6
chinese,bid,18
chinese,dead,4
chinese,time,6
chinese,says,20
chinese,girl,16
chinese,pay,6
chinese,talks,12
chinese,trade,12
chinese,hit,6
chinese,big,10
chinese,ties,4
chinese,crash,18
chinese,day,4
chinese,gets,12
says,work,48
says,three,24
says,bid,68
says,dead,28
says,time,24
says,girl,62
says,pay,16
says,talks,66
says,trade,32
says,big,86
says,hit,28
says,ties,8
says,crash,66
says,day,32
says,ban,66
says,gets,46
gets,work,28
gets,ban,34
gets,three,8
gets,dead,6
gets,girl,22
gets,pay,14
gets,time,4
gets,talks,10
gets,trade,6
gets,big,42
gets,bid,20
gets,hit,4
gets,ties,4
gets,crash,18
gets,day,12
time,talks,2
time,work,10
time,three,2
time,pay,6
time,trade,2
time,day,2
time,girl,2
time,ties,10
time,ban,2
time,big,4
trade,work,28
trade,three,16
trade,bid,44
trade,dead,20
trade,girl,28
trade,pay,6
trade,talks,74
trade,hit,16
trade,big,36
trade,ties,36
trade,crash,30
trade,day,18
trade,ban,42
ties,talks,8
ties,work,6
ties,girl,6
ties,hit,4
ties,ban,10
ties,three,2
ties,crash,6
ties,pay,2
ties,day,2
ties,big,8
ties,bid,8
work,talks,6
work,crash,14
work,girl,16
work,hit,2
work,ban,20
work,three,2
work,pay,4
work,day,10
work,big,8
work,bid,8
work,dead,4
dead,three,18
dead,girl,50
dead,pay,8
dead,talks,28
dead,big,36
dead,bid,42
dead,hit,16
dead,crash,74
dead,day,18
dead,ban,42
talks,three,36
talks,bid,84
talks,girl,64
talks,pay,20
talks,big,90
talks,hit,44
talks,crash,76
talks,day,48
talks,ban,84
ban,three,22
ban,bid,56
ban,girl,50
ban,pay,14
ban,big,72
ban,hit,26
ban,crash,60
ban,day,26
three,bid,42
three,girl,34
three,pay,10
three,big,48
three,hit,24
three,crash,90
three,day,28
girl,pay,6
girl,big,22
girl,bid,28
girl,hit,8
girl,crash,38
girl,day,12
pay,hit,4
pay,crash,6
pay,day,4
pay,big,4
pay,bid,4
big,bid,116
big,hit,46
big,crash,106
big,day,112
bid,hit,22
bid,crash,64
bid,day,36
day,hit,6
day,crash,18
hit,crash,48
